{
  "IcoMoonType": "selection",
  "icons": [
    {
      "icon": {
        "paths": [
          "M85.333 255.787c0-23.467 19.029-42.453 42.453-42.453h341.76c11.26 0 22.059 4.473 30.020 12.434s12.433 18.76 12.433 30.019c0 11.259-4.471 22.057-12.433 30.019s-18.761 12.434-30.020 12.434h-341.76c-11.259 0-22.057-4.473-30.019-12.434s-12.434-18.76-12.434-30.019zM85.333 512c0-23.467 19.029-42.453 42.453-42.453h768.427c11.26 0 22.059 4.471 30.020 12.433s12.433 18.761 12.433 30.020c0 11.26-4.471 22.059-12.433 30.020s-18.761 12.433-30.020 12.433h-768.427c-11.259 0-22.057-4.471-30.019-12.433s-12.434-18.761-12.434-30.020zM127.787 725.76c-11.259 0-22.057 4.471-30.019 12.433s-12.434 18.761-12.434 30.020c0 11.26 4.473 22.059 12.434 30.020s18.76 12.433 30.019 12.433h512.427c11.26 0 22.059-4.471 30.020-12.433s12.433-18.761 12.433-30.020c0-11.26-4.471-22.059-12.433-30.020s-18.761-12.433-30.020-12.433h-512.427z"
        ],
        "attrs": [
          {
            "fill": "rgb(174, 19, 50)"
          }
        ],
        "isMulticolor": false,
        "isMulticolor2": false,
        "grid": 0,
        "tags": [
          "burger-menu"
        ],
        "colorPermutations": {
          "174195012552552551": [
            {
              "f": 0
            }
          ]
        }
      },
      "attrs": [
        {
          "fill": "rgb(174, 19, 50)"
        }
      ],
      "properties": {
        "order": 19,
        "id": 5,
        "name": "burger-menu",
        "prevSize": 32
      },
      "setIdx": 0,
      "setId": 13,
      "iconIdx": 0
    },
    {
      "icon": {
        "paths": [
          "M768 256l-512 512",
          "M256 256l512 512"
        ],
        "attrs": [
          {
            "fill": "none",
            "stroke": "rgb(174, 19, 50)",
            "strokeLinejoin": "round",
            "strokeLinecap": "round",
            "strokeMiterlimit": "4",
            "strokeWidth": 85.33333333333333
          },
          {
            "fill": "none",
            "stroke": "rgb(174, 19, 50)",
            "strokeLinejoin": "round",
            "strokeLinecap": "round",
            "strokeMiterlimit": "4",
            "strokeWidth": 85.33333333333333
          }
        ],
        "isMulticolor": false,
        "isMulticolor2": false,
        "grid": 0,
        "tags": [
          "close"
        ],
        "colorPermutations": {
          "174195012552552551": [
            {
              "s": 0
            },
            {
              "s": 0
            }
          ]
        }
      },
      "attrs": [
        {
          "fill": "none",
          "stroke": "rgb(174, 19, 50)",
          "strokeLinejoin": "round",
          "strokeLinecap": "round",
          "strokeMiterlimit": "4",
          "strokeWidth": 85.33333333333333
        },
        {
          "fill": "none",
          "stroke": "rgb(174, 19, 50)",
          "strokeLinejoin": "round",
          "strokeLinecap": "round",
          "strokeMiterlimit": "4",
          "strokeWidth": 85.33333333333333
        }
      ],
      "properties": {
        "order": 20,
        "id": 4,
        "name": "close",
        "prevSize": 32
      },
      "setIdx": 0,
      "setId": 13,
      "iconIdx": 1
    },
    {
      "icon": {
        "paths": [
          "M768 256l-512 512",
          "M256 256l512 512"
        ],
        "attrs": [
          {
            "fill": "none",
            "stroke": "rgb(255, 255, 255)",
            "strokeLinejoin": "round",
            "strokeLinecap": "round",
            "strokeMiterlimit": "4",
            "strokeWidth": 73.14285714285714
          },
          {
            "fill": "none",
            "stroke": "rgb(255, 255, 255)",
            "strokeLinejoin": "round",
            "strokeLinecap": "round",
            "strokeMiterlimit": "4",
            "strokeWidth": 73.14285714285714
          }
        ],
        "isMulticolor": false,
        "isMulticolor2": false,
        "grid": 0,
        "tags": [
          "close-wihte"
        ],
        "colorPermutations": {
          "174195012552552551": [
            {
              "s": 1
            },
            {
              "s": 1
            }
          ]
        }
      },
      "attrs": [
        {
          "fill": "none",
          "stroke": "rgb(255, 255, 255)",
          "strokeLinejoin": "round",
          "strokeLinecap": "round",
          "strokeMiterlimit": "4",
          "strokeWidth": 73.14285714285714
        },
        {
          "fill": "none",
          "stroke": "rgb(255, 255, 255)",
          "strokeLinejoin": "round",
          "strokeLinecap": "round",
          "strokeMiterlimit": "4",
          "strokeWidth": 73.14285714285714
        }
      ],
      "properties": {
        "order": 21,
        "id": 3,
        "name": "close-wihte",
        "prevSize": 32
      },
      "setIdx": 0,
      "setId": 13,
      "iconIdx": 2
    }
  ],
  "height": 1024,
  "preferences": {
    "showGlyphs": true,
    "showQuickUse": true,
    "showQuickUse2": true,
    "showSVGs": true,
    "fontPref": {
      "prefix": "icon-",
      "metadata": {
        "fontFamily": "icomoon"
      },
      "metrics": {
        "emSize": 1024,
        "baseline": 6.25,
        "whitespace": 50
      },
      "embed": false
    },
    "imagePref": {
      "prefix": "icon-",
      "png": false,
      "useClassSelector": true,
      "color": 0,
      "bgColor": 16777215,
      "classSelector": ".icon",
      "name": "icomoon",
      "height": 32,
      "columns": 16,
      "margin": 16
    },
    "historySize": 50,
    "showCodes": true,
    "gridSize": 16
  }
}