{
  "IcoMoonType": "selection",
  "icons": [
    {
      "icon": {
        "paths": [
          "M930.63 10.043h-128.301c-39.59 0-71.686 31.451-71.686 70.251v125.737c0 38.799 32.096 70.252 71.686 70.252h128.301c39.59 0 71.686-31.453 71.686-70.252v-125.737c0-38.8-32.096-70.251-71.686-70.251z",
          "M215.372 737.28h-138.173c-42.636 0-77.199 31.456-77.199 70.253v125.734c0 38.803 34.563 70.253 77.199 70.253h138.173c42.636 0 77.199-31.45 77.199-70.253v-125.734c0-38.797-34.563-70.253-77.199-70.253z",
          "M199.987 370.618h-128.303c-39.589 0-71.684 31.451-71.684 70.25v125.737c0 38.799 32.102 70.253 71.692 70.253h128.296c39.591 0 71.686-31.453 71.686-70.253v-125.737c0-38.799-32.095-70.25-71.686-70.25z",
          "M568.509 735.302h-128.303c-39.589 0-71.684 31.45-71.684 70.253l-0.007 125.734c0 38.797 32.109 70.253 71.699 70.253h128.296c39.592 0 71.69-31.456 71.69-70.253v-125.734c0-38.803-32.098-70.253-71.69-70.253z",
          "M199.987 2.761h-128.303c-39.589 0-71.684 31.451-71.684 70.25v125.737c0 38.799 32.102 70.253 71.692 70.253h128.296c39.591 0 71.686-31.453 71.686-70.253v-125.737c0-38.799-32.095-70.25-71.686-70.25z",
          "M578.428 374.319h-128.303c-39.589 0-71.684 31.451-71.684 70.25v125.737c0 38.799 32.102 70.25 71.692 70.25h128.296c39.591 0 71.684-31.451 71.684-70.25v-125.737c0-38.799-32.093-70.25-71.684-70.25z",
          "M938.669 735.302h-128.307c-39.584 0-71.68 31.45-71.68 70.253v125.734c0 38.797 32.102 70.253 71.686 70.253h128.301c39.59 0 71.686-31.456 71.686-70.253v-125.734c0-38.803-32.096-70.253-71.686-70.253z",
          "M562.899 7.159h-128.303c-39.589 0-71.684 31.451-71.684 70.251v125.737c0 38.799 32.102 70.252 71.692 70.252h128.296c39.591 0 71.686-31.476 71.686-70.276v-125.713c0-38.8-32.095-70.251-71.686-70.251z",
          "M929.402 381.626h-128.307c-39.59 0-71.68 31.451-71.68 70.25v125.737c0 38.799 32.102 70.252 71.686 70.252h128.301c39.59 0 71.686-31.453 71.686-70.252v-125.737c0-38.799-32.096-70.25-71.686-70.25z"
        ],
        "attrs": [
          {
            "fill": "rgb(174, 19, 50)"
          },
          {
            "fill": "rgb(174, 19, 50)"
          },
          {
            "fill": "rgb(174, 19, 50)"
          },
          {
            "fill": "rgb(174, 19, 50)"
          },
          {
            "fill": "rgb(174, 19, 50)"
          },
          {
            "fill": "rgb(174, 19, 50)"
          },
          {
            "fill": "rgb(174, 19, 50)"
          },
          {
            "fill": "rgb(174, 19, 50)"
          },
          {
            "fill": "rgb(174, 19, 50)"
          }
        ],
        "isMulticolor": false,
        "isMulticolor2": false,
        "grid": 0,
        "tags": [
          "logo"
        ],
        "colorPermutations": {
          "174195012442442531": [
            {
              "f": 0
            },
            {
              "f": 0
            },
            {
              "f": 0
            },
            {
              "f": 0
            },
            {
              "f": 0
            },
            {
              "f": 0
            },
            {
              "f": 0
            },
            {
              "f": 0
            },
            {
              "f": 0
            }
          ]
        }
      },
      "attrs": [
        {
          "fill": "rgb(174, 19, 50)"
        },
        {
          "fill": "rgb(174, 19, 50)"
        },
        {
          "fill": "rgb(174, 19, 50)"
        },
        {
          "fill": "rgb(174, 19, 50)"
        },
        {
          "fill": "rgb(174, 19, 50)"
        },
        {
          "fill": "rgb(174, 19, 50)"
        },
        {
          "fill": "rgb(174, 19, 50)"
        },
        {
          "fill": "rgb(174, 19, 50)"
        },
        {
          "fill": "rgb(174, 19, 50)"
        }
      ],
      "properties": {
        "order": 18,
        "id": 4,
        "name": "logo",
        "prevSize": 32
      },
      "setIdx": 10,
      "setId": 3,
      "iconIdx": 0
    }
  ],
  "height": 1024,
  "preferences": {
    "showGlyphs": true,
    "showQuickUse": true,
    "showQuickUse2": true,
    "showSVGs": true,
    "fontPref": {
      "prefix": "icon-",
      "metadata": {
        "fontFamily": "icomoon"
      },
      "metrics": {
        "emSize": 1024,
        "baseline": 6.25,
        "whitespace": 50
      },
      "embed": false
    },
    "imagePref": {
      "prefix": "icon-",
      "png": false,
      "useClassSelector": true,
      "color": 0,
      "bgColor": 16777215,
      "classSelector": ".icon",
      "name": "icomoon",
      "height": 32,
      "columns": 16,
      "margin": 16
    },
    "historySize": 50,
    "showCodes": true,
    "gridSize": 16
  }
}