{
  "IcoMoonType": "selection",
  "icons": [
    {
      "icon": {
        "paths": [
          "M624.636 148.488c7.68 0 15.36 0 30.72 0v115.2c-7.68 0-23.040 0-38.4 0s-30.72 0-38.4 7.68c-7.68 7.68-7.68 15.36-7.68 33.28 0 15.36 0 25.6 0 40.96h84.48v97.279h-84.48v422.4h-130.56v-424.96h-69.12v-97.279h69.12v-33.28c0-56.32 7.68-97.28 23.040-115.2 23.040-33.28 69.12-48.64 138.24-48.64 7.68 2.56 15.36 2.56 23.040 2.56z"
        ],
        "attrs": [
          {
            "fill": "rgb(174, 19, 50)",
            "opacity": 0.8
          }
        ],
        "isMulticolor": false,
        "isMulticolor2": false,
        "grid": 0,
        "tags": [
          "facebook"
        ]
      },
      "attrs": [
        {
          "fill": "rgb(174, 19, 50)",
          "opacity": 0.8
        }
      ],
      "properties": {
        "order": 15,
        "id": 2,
        "name": "facebook",
        "prevSize": 32
      },
      "setIdx": 0,
      "setId": 13,
      "iconIdx": 0
    },
    {
      "icon": {
        "paths": [
          "M918.956 344.193c-0.501-34.379-6.872-68.486-19.061-100.64-21.336-54.907-64.779-98.324-119.779-119.579-31.799-11.944-65.415-18.348-99.441-19.074-43.765-1.953-57.64-2.498-168.726-2.498-111.089 0-125.33 0-168.773 2.498-33.981 0.727-67.599 7.13-99.397 19.074-54.998 21.255-98.488 64.671-119.778 119.579-11.964 31.745-18.424 65.307-19.061 99.232-1.956 43.735-2.548 57.588-2.548 168.491s0 125.074 2.548 168.488c0.682 33.971 7.097 67.489 19.061 99.324 21.335 54.861 64.779 98.278 119.823 119.534 31.662 12.354 65.28 19.346 99.398 20.436 43.806 1.953 57.682 2.545 168.771 2.545s125.327 0 168.77-2.545c33.982-0.68 67.602-7.084 99.445-19.028 55-21.299 98.443-64.717 119.779-119.578 11.963-31.792 18.377-65.309 19.057-99.324 1.957-43.688 2.549-57.541 2.549-168.492-0.091-110.903-0.091-124.983-2.637-168.444zM511.675 721.002c-116.184 0-210.304-93.963-210.304-209.953s94.121-209.956 210.304-209.956c116.092 0 210.304 93.966 210.304 209.956s-94.212 209.953-210.304 209.953zM730.35 342.285c-27.158 0-49.039-21.89-49.039-48.958s21.881-48.957 49.039-48.957c27.067 0 48.995 21.89 48.995 48.957s-21.928 48.958-48.995 48.958z",
          "M511.751 639.228c70.766 0 128.128-57.362 128.128-128.128 0-70.762-57.362-128.128-128.128-128.128-70.762 0-128.128 57.366-128.128 128.128 0 70.766 57.366 128.128 128.128 128.128z"
        ],
        "attrs": [
          {
            "fill": "rgb(174, 19, 50)",
            "opacity": 0.8
          },
          {
            "fill": "rgb(174, 19, 50)",
            "opacity": 0.8
          }
        ],
        "isMulticolor": false,
        "isMulticolor2": false,
        "grid": 0,
        "tags": [
          "instagram"
        ]
      },
      "attrs": [
        {
          "fill": "rgb(174, 19, 50)",
          "opacity": 0.8
        },
        {
          "fill": "rgb(174, 19, 50)",
          "opacity": 0.8
        }
      ],
      "properties": {
        "order": 16,
        "id": 1,
        "name": "instagram",
        "prevSize": 32
      },
      "setIdx": 0,
      "setId": 13,
      "iconIdx": 1
    },
    {
      "icon": {
        "paths": [
          "M775.676 191.995c-43.52-2.56-133.12-5.12-268.8-5.12h-17.92c-130.562 0-217.6 2.56-261.12 7.68-58.88 5.12-99.841 20.48-122.881 40.96-20.48 17.92-35.839 51.2-40.959 94.72-2.56 28.16-5.12 87.041-5.12 176.641v12.8c0 84.48 2.56 143.36 7.68 171.52 7.68 40.96 20.481 71.68 46.081 89.6 25.6 20.48 69.119 33.28 130.559 38.4 43.52 2.56 133.121 5.12 268.801 5.12h17.92c130.56 0 217.6-2.56 261.12-7.68 58.88-5.12 99.84-20.48 122.88-40.96 20.48-17.92 35.84-51.2 40.96-94.72 2.56-28.16 5.12-87.040 5.12-176.64v-12.8c0-84.48-2.56-143.361-7.68-171.521-7.68-40.96-20.48-71.68-46.080-89.6-25.6-20.48-69.12-33.28-130.56-38.4zM675.836 506.876l-281.6 168.96v-337.921l281.6 168.961z"
        ],
        "attrs": [
          {
            "fill": "rgb(174, 19, 50)",
            "opacity": 0.8
          }
        ],
        "isMulticolor": false,
        "isMulticolor2": false,
        "grid": 0,
        "tags": [
          "youtube"
        ]
      },
      "attrs": [
        {
          "fill": "rgb(174, 19, 50)",
          "opacity": 0.8
        }
      ],
      "properties": {
        "order": 17,
        "id": 0,
        "name": "youtube",
        "prevSize": 32
      },
      "setIdx": 0,
      "setId": 13,
      "iconIdx": 2
    }
  ],
  "height": 1024,
  "preferences": {
    "showGlyphs": true,
    "showQuickUse": true,
    "showQuickUse2": true,
    "showSVGs": true,
    "fontPref": {
      "prefix": "icon-",
      "metadata": {
        "fontFamily": "icomoon"
      },
      "metrics": {
        "emSize": 1024,
        "baseline": 6.25,
        "whitespace": 50
      },
      "embed": false
    },
    "imagePref": {
      "prefix": "icon-",
      "png": false,
      "useClassSelector": true,
      "color": 0,
      "bgColor": 16777215,
      "classSelector": ".icon",
      "name": "icomoon",
      "height": 32,
      "columns": 16,
      "margin": 16
    },
    "historySize": 50,
    "showCodes": true,
    "gridSize": 16
  }
}