{
  "IcoMoonType": "selection",
  "icons": [
    {
      "icon": {
        "paths": [
          "M163.642 992l-125.867-755.203h948.452l-125.869 755.203h-696.717z",
          "M209.062 238.933c0-167.305 135.628-302.933 302.933-302.933 167.307 0 302.936 135.628 302.936 302.933h-128c0-96.613-78.323-174.933-174.936-174.933s-174.933 78.32-174.933 174.933h-128zM750.931 409.6v0zM209.062 409.6v-170.667c0-167.305 135.628-302.933 302.933-302.933v128c-96.612 0-174.933 78.32-174.933 174.933v170.667h-128zM511.996-64c167.307 0 302.936 135.628 302.936 302.933v170.667h-128v-170.667c0-96.613-78.323-174.933-174.936-174.933v-128z"
        ],
        "attrs": [
          {
            "fill": "none",
            "stroke": "rgb(174, 19, 50)",
            "strokeLinejoin": "miter",
            "strokeLinecap": "butt",
            "strokeMiterlimit": "4",
            "strokeWidth": 64
          },
          {
            "fill": "rgb(174, 19, 50)"
          }
        ],
        "isMulticolor": false,
        "isMulticolor2": true,
        "grid": 0,
        "tags": [
          "basket"
        ],
        "colorPermutations": {
          "174195012552552551": [
            {
              "s": 0
            },
            {
              "f": 0
            }
          ]
        }
      },
      "attrs": [
        {
          "fill": "none",
          "stroke": "rgb(174, 19, 50)",
          "strokeLinejoin": "miter",
          "strokeLinecap": "butt",
          "strokeMiterlimit": "4",
          "strokeWidth": 64
        },
        {
          "fill": "rgb(174, 19, 50)"
        }
      ],
      "properties": {
        "order": 24,
        "id": 2,
        "name": "basket",
        "prevSize": 32
      },
      "setIdx": 0,
      "setId": 15,
      "iconIdx": 0
    },
    {
      "icon": {
        "paths": [
          "M810.668 298.664h-128v-42.667c0-45.264-17.979-88.673-49.986-120.679s-75.414-49.987-120.678-49.987c-45.264 0-88.675 17.981-120.682 49.987-32.004 32.006-49.985 75.416-49.985 120.679v42.667h-128c-11.316 0-22.168 4.495-30.17 12.496s-12.497 18.854-12.497 30.17v469.334c0 33.946 13.486 66.505 37.49 90.511 24.005 24.002 56.562 37.489 90.51 37.489h426.666c33.949 0 66.505-13.488 90.511-37.489 24.005-24.005 37.489-56.565 37.489-90.511v-469.334c0-11.316-4.495-22.168-12.496-30.17s-18.853-12.496-30.171-12.496zM426.668 255.997c0-22.632 8.993-44.337 24.997-60.34 16-16.003 37.705-24.993 60.339-24.993 22.63 0 44.336 8.99 60.339 24.993s24.993 37.708 24.993 60.34v42.667h-170.668v-42.667zM768.004 810.664c0 11.315-4.495 22.17-12.496 30.168-8.002 8.002-18.856 12.5-30.171 12.5h-426.666c-11.316 0-22.169-4.498-30.17-12.5-8.001-7.998-12.497-18.853-12.497-30.168v-426.668h85.333v42.668c0 11.315 4.495 22.17 12.497 30.168 8.001 8.002 18.855 12.5 30.171 12.5s22.166-4.498 30.168-12.5c8.002-7.998 12.496-18.853 12.496-30.168v-42.668h170.668v42.668c0 11.315 4.495 22.17 12.496 30.168 8.002 8.002 18.856 12.5 30.171 12.5s22.166-4.498 30.168-12.5c8.002-7.998 12.496-18.853 12.496-30.168v-42.668h85.336v426.668z"
        ],
        "attrs": [
          {
            "fill": "rgb(255, 255, 255)"
          }
        ],
        "isMulticolor": false,
        "isMulticolor2": false,
        "grid": 0,
        "tags": [
          "basket-wihte"
        ],
        "colorPermutations": {
          "174195012552552551": [
            {
              "f": 1
            }
          ]
        }
      },
      "attrs": [
        {
          "fill": "rgb(255, 255, 255)"
        }
      ],
      "properties": {
        "order": 25,
        "id": 1,
        "name": "basket-wihte",
        "prevSize": 32
      },
      "setIdx": 0,
      "setId": 15,
      "iconIdx": 1
    },
    {
      "icon": {
        "paths": [
          "M1024 151.703l-151.706-151.703v758.521l-758.516-758.521-113.778 113.778 758.521 758.516h-758.521l151.703 151.706h872.297v-872.297z"
        ],
        "attrs": [
          {}
        ],
        "isMulticolor": false,
        "isMulticolor2": false,
        "grid": 0,
        "tags": [
          "strelka"
        ],
        "colorPermutations": {
          "174195012552552551": [
            {}
          ]
        }
      },
      "attrs": [
        {}
      ],
      "properties": {
        "order": 26,
        "id": 0,
        "name": "strelka",
        "prevSize": 32
      },
      "setIdx": 0,
      "setId": 15,
      "iconIdx": 2
    }
  ],
  "height": 1024,
  "preferences": {
    "showGlyphs": true,
    "showQuickUse": true,
    "showQuickUse2": true,
    "showSVGs": true,
    "fontPref": {
      "prefix": "icon-",
      "metadata": {
        "fontFamily": "icomoon"
      },
      "metrics": {
        "emSize": 1024,
        "baseline": 6.25,
        "whitespace": 50
      },
      "embed": false
    },
    "imagePref": {
      "prefix": "icon-",
      "png": false,
      "useClassSelector": true,
      "color": 0,
      "bgColor": 16777215,
      "classSelector": ".icon",
      "name": "icomoon",
      "height": 32,
      "columns": 16,
      "margin": 16
    },
    "historySize": 50,
    "showCodes": true,
    "gridSize": 16
  }
}